{
    "loss": 19.039827346801758,
    "accuracy": 0.5467625856399536
}