{
    "loss": 1.4312714338302612,
    "accuracy": 0.6258992552757263
}